Palabra 1	space	No la conozco
Palabra 2	matter	No la conozco
Palabra 3	botission	No la conozco
Palabra 4	away	No la conozco
Palabra 5	my	No la conozco
Palabra 6	article	No la conozco
Palabra 7	weeption	No la conozco
Palabra 8	image	No la conozco
Palabra 9	individual	No la conozco
Palabra 10	dad	No la conozco
Palabra 11	beach	No la conozco
Palabra 12	culdo	No la conozco
Palabra 13	potential	No la conozco
Palabra 14	suggest	No la conozco
Palabra 15	relevant	No la conozco
Palabra 16	edition	No la conozco
Palabra 17	tiondinge	No la conozco
Palabra 18	cotemang	No la conozco
Palabra 19	memory	No la conozco
Palabra 20	native	No la conozco
Palabra 21	raw	No la conozco
Palabra 22	upper	No la conozco
Palabra 23	switch	No la conozco
Palabra 24	poscitly	No la conozco
Palabra 25	panel	No la conozco
Palabra 26	bathroom	No la conozco
