Palabra 1		No la conozco
Palabra 2		No la conozco
Palabra 3		No la conozco
Palabra 4		No la conozco
Palabra 5		No la conozco
Palabra 6		No la conozco
Palabra 7		No la conozco
Palabra 8		No la conozco
Palabra 9		No la conozco
Palabra 10		No la conozco
Palabra 11		No la conozco
Palabra 12		No la conozco
Palabra 13		No la conozco
Palabra 14		No la conozco
Palabra 15		No la conozco
Palabra 16		No la conozco
Palabra 17		No la conozco
Palabra 18		No la conozco
Palabra 19		No la conozco
Palabra 20		No la conozco
Palabra 21		No la conozco
Palabra 22		No la conozco
Palabra 23		No la conozco
Palabra 24		No la conozco
Palabra 25		No la conozco
Palabra 26		No la conozco
